Application_ID,Total_Income,DTI_Ratio,LTV_Ratio,Credit_Score,Credit_Risk,Loan_Decision
LN001,7500,0.10666666666666667,0.7142857142857143,750,Low Risk,Approved
LN002,4200,0.14285714285714285,0.6923076923076923,690,Medium Risk,Review Required
LN003,4500,0.2,0.7142857142857143,620,High Risk,Rejected
LN004,11000,0.10909090909090909,0.7272727272727273,810,Low Risk,Approved
LN005,2800,0.39285714285714285,0.7142857142857143,580,High Risk,Rejected
LN006,8500,0.11176470588235295,0.7142857142857143,720,Medium Risk,Review Required
